Date,Cookie Type,Starting Inventory,Delivered,Ending Inventory
2022-01-01,Chocolate Chip,126,43,118
2022-01-01,Oatmeal Raisin,137,18,104
2022-01-01,Sugar,112,32,93
2022-01-01,Peanut Butter,71,35,17
2022-01-01,Snickerdoodle,143,18,110
2022-01-02,Chocolate Chip,52,47,52
2022-01-02,Oatmeal Raisin,65,33,50
2022-01-02,Sugar,54,34,-1
2022-01-02,Peanut Butter,82,44,49
2022-01-02,Snickerdoodle,126,13,92
2022-01-03,Chocolate Chip,133,11,94
2022-01-03,Oatmeal Raisin,103,38,78
2022-01-03,Sugar,120,26,99
2022-01-03,Peanut Butter,69,23,29
2022-01-03,Snickerdoodle,130,10,72
2022-01-04,Chocolate Chip,134,16,86
2022-01-04,Oatmeal Raisin,84,49,69
2022-01-04,Sugar,67,36,15
2022-01-04,Peanut Butter,63,42,37
2022-01-04,Snickerdoodle,65,28,29
2022-01-05,Chocolate Chip,63,41,5
2022-01-05,Oatmeal Raisin,75,26,2
2022-01-05,Sugar,75,32,8
2022-01-05,Peanut Butter,87,20,18
2022-01-05,Snickerdoodle,76,40,17
2022-01-06,Chocolate Chip,50,10,-8
2022-01-06,Oatmeal Raisin,64,46,42
2022-01-06,Sugar,69,15,16
2022-01-06,Peanut Butter,59,16,7
2022-01-06,Snickerdoodle,132,24,88
2022-01-07,Chocolate Chip,87,26,72
2022-01-07,Oatmeal Raisin,62,21,32
2022-01-07,Sugar,87,33,52
2022-01-07,Peanut Butter,90,37,36
2022-01-07,Snickerdoodle,62,12,13
2022-01-08,Chocolate Chip,134,20,127
2022-01-08,Oatmeal Raisin,106,49,128
2022-01-08,Sugar,143,15,87
2022-01-08,Peanut Butter,93,21,67
2022-01-08,Snickerdoodle,101,39,48
2022-01-09,Chocolate Chip,99,40,79
2022-01-09,Oatmeal Raisin,133,20,70
2022-01-09,Sugar,139,13,74
2022-01-09,Peanut Butter,70,16,26
2022-01-09,Snickerdoodle,125,40,74
2022-01-10,Chocolate Chip,136,38,80
2022-01-10,Oatmeal Raisin,98,32,36
2022-01-10,Sugar,137,18,61
2022-01-10,Peanut Butter,112,17,35
2022-01-10,Snickerdoodle,106,12,34
2022-01-11,Chocolate Chip,51,43,60
2022-01-11,Oatmeal Raisin,123,46,129
2022-01-11,Sugar,135,31,92
2022-01-11,Peanut Butter,138,49,118
2022-01-11,Snickerdoodle,111,32,64
2022-01-12,Chocolate Chip,132,34,76
2022-01-12,Oatmeal Raisin,121,49,70
2022-01-12,Sugar,114,40,64
2022-01-12,Peanut Butter,71,14,-5
2022-01-12,Snickerdoodle,91,25,26
2022-01-13,Chocolate Chip,85,13,23
2022-01-13,Oatmeal Raisin,120,34,79
2022-01-13,Sugar,80,15,20
2022-01-13,Peanut Butter,123,38,96
2022-01-13,Snickerdoodle,107,30,62
2022-01-14,Chocolate Chip,113,11,66
2022-01-14,Oatmeal Raisin,102,12,30
2022-01-14,Sugar,50,15,7
2022-01-14,Peanut Butter,129,50,121
2022-01-14,Snickerdoodle,115,45,73
2022-01-15,Chocolate Chip,135,39,78
2022-01-15,Oatmeal Raisin,96,13,13
2022-01-15,Sugar,108,31,43
2022-01-15,Peanut Butter,129,48,81
2022-01-15,Snickerdoodle,134,33,71
2022-01-16,Chocolate Chip,64,16,50
2022-01-16,Oatmeal Raisin,78,10,6
2022-01-16,Sugar,131,28,71
2022-01-16,Peanut Butter,97,16,73
2022-01-16,Snickerdoodle,113,18,41
2022-01-17,Chocolate Chip,145,36,94
2022-01-17,Oatmeal Raisin,128,22,63
2022-01-17,Sugar,100,23,34
2022-01-17,Peanut Butter,150,22,85
2022-01-17,Snickerdoodle,63,36,2
2022-01-18,Chocolate Chip,148,38,119
2022-01-18,Oatmeal Raisin,125,42,81
2022-01-18,Sugar,113,10,56
2022-01-18,Peanut Butter,56,45,-25
2022-01-18,Snickerdoodle,124,40,97
2022-01-19,Chocolate Chip,149,21,150
2022-01-19,Oatmeal Raisin,72,18,-10
2022-01-19,Sugar,134,48,154
2022-01-19,Peanut Butter,91,42,71
2022-01-19,Snickerdoodle,103,48,101
2022-01-20,Chocolate Chip,147,25,90
2022-01-20,Oatmeal Raisin,93,28,39
2022-01-20,Sugar,67,18,-8
2022-01-20,Peanut Butter,139,42,99
2022-01-20,Snickerdoodle,139,45,102
2022-01-21,Chocolate Chip,141,45,154
2022-01-21,Oatmeal Raisin,75,23,33
2022-01-21,Sugar,87,32,40
2022-01-21,Peanut Butter,66,21,55
2022-01-21,Snickerdoodle,138,50,156
2022-01-22,Chocolate Chip,64,32,33
2022-01-22,Oatmeal Raisin,124,46,107
2022-01-22,Sugar,140,36,113
2022-01-22,Peanut Butter,118,28,83
2022-01-22,Snickerdoodle,104,10,51
2022-01-23,Chocolate Chip,53,34,58
2022-01-23,Oatmeal Raisin,135,13,58
2022-01-23,Sugar,146,20,77
2022-01-23,Peanut Butter,137,26,132
2022-01-23,Snickerdoodle,57,28,35
2022-01-24,Chocolate Chip,119,12,49
2022-01-24,Oatmeal Raisin,107,16,41
2022-01-24,Sugar,136,45,99
2022-01-24,Peanut Butter,145,45,108
2022-01-24,Snickerdoodle,115,28,61
2022-01-25,Chocolate Chip,56,34,-1
2022-01-25,Oatmeal Raisin,150,30,89
2022-01-25,Sugar,56,10,-25
2022-01-25,Peanut Butter,75,49,33
2022-01-25,Snickerdoodle,106,24,39
2022-01-26,Chocolate Chip,140,33,113
2022-01-26,Oatmeal Raisin,119,48,73
2022-01-26,Sugar,142,22,77
2022-01-26,Peanut Butter,72,14,1
2022-01-26,Snickerdoodle,72,42,54
2022-01-27,Chocolate Chip,55,37,64
2022-01-27,Oatmeal Raisin,83,18,51
2022-01-27,Sugar,82,10,0
2022-01-27,Peanut Butter,140,19,111
2022-01-27,Snickerdoodle,126,13,66
2022-01-28,Chocolate Chip,130,49,87
2022-01-28,Oatmeal Raisin,88,41,37
2022-01-28,Sugar,120,32,70
2022-01-28,Peanut Butter,117,24,49
2022-01-28,Snickerdoodle,116,14,38
2022-01-29,Chocolate Chip,70,36,48
2022-01-29,Oatmeal Raisin,101,15,24
2022-01-29,Sugar,77,31,50
2022-01-29,Peanut Butter,87,23,26
2022-01-29,Snickerdoodle,129,43,108
2022-01-30,Chocolate Chip,121,10,80
2022-01-30,Oatmeal Raisin,94,38,81
2022-01-30,Sugar,132,49,92
2022-01-30,Peanut Butter,81,12,-5
2022-01-30,Snickerdoodle,91,34,-49
2022-01-31,Chocolate Chip,64,34,40
2022-01-31,Oatmeal Raisin,142,28,122
2022-01-31,Sugar,115,42,99
2022-01-31,Peanut Butter,55,28,25
2022-01-31,Snickerdoodle,74,30,46
2022-02-01,Chocolate Chip,62,20,-15
2022-02-01,Oatmeal Raisin,148,44,95
2022-02-01,Sugar,130,14,47
2022-02-01,Peanut Butter,130,23,56
2022-02-01,Snickerdoodle,104,16,23
2022-02-02,Chocolate Chip,139,37,102
2022-02-02,Oatmeal Raisin,59,19,14
2022-02-02,Sugar,54,15,-15
2022-02-02,Peanut Butter,82,45,43
2022-02-02,Snickerdoodle,83,36,45
2022-02-03,Chocolate Chip,130,35,131
2022-02-03,Oatmeal Raisin,52,34,47
2022-02-03,Sugar,118,10,61
2022-02-03,Peanut Butter,129,14,105
2022-02-03,Snickerdoodle,124,12,102
2022-02-04,Chocolate Chip,59,32,66
2022-02-04,Oatmeal Raisin,63,28,45
2022-02-04,Sugar,88,48,103
2022-02-04,Peanut Butter,98,35,42
2022-02-04,Snickerdoodle,53,40,21
2022-02-05,Chocolate Chip,78,18,57
2022-02-05,Oatmeal Raisin,119,28,97
2022-02-05,Sugar,68,29,55
2022-02-05,Peanut Butter,143,33,137
2022-02-05,Snickerdoodle,51,45,34
2022-02-06,Chocolate Chip,68,17,13
2022-02-06,Oatmeal Raisin,118,45,91
2022-02-06,Sugar,89,23,40
2022-02-06,Peanut Butter,142,32,102
2022-02-06,Snickerdoodle,132,42,102
2022-02-07,Chocolate Chip,73,24,19
2022-02-07,Oatmeal Raisin,82,22,26
2022-02-07,Sugar,135,46,103
2022-02-07,Peanut Butter,146,45,113
2022-02-07,Snickerdoodle,120,14,56
2022-02-08,Chocolate Chip,58,26,-1
2022-02-08,Oatmeal Raisin,92,32,36
2022-02-08,Sugar,133,25,73
2022-02-08,Peanut Butter,129,14,58
2022-02-08,Snickerdoodle,90,41,25
2022-02-09,Chocolate Chip,128,29,82
2022-02-09,Oatmeal Raisin,69,46,40
2022-02-09,Sugar,90,37,42
2022-02-09,Peanut Butter,90,25,22
2022-02-09,Snickerdoodle,141,37,103
2022-02-10,Chocolate Chip,96,18,94
2022-02-10,Oatmeal Raisin,92,40,44
2022-02-10,Sugar,95,29,79
2022-02-10,Peanut Butter,63,21,56
2022-02-10,Snickerdoodle,60,27,25
2022-02-11,Chocolate Chip,67,44,76
2022-02-11,Oatmeal Raisin,143,50,135
2022-02-11,Sugar,52,42,22
2022-02-11,Peanut Butter,124,47,114
2022-02-11,Snickerdoodle,125,23,104
2022-02-12,Chocolate Chip,120,26,78
2022-02-12,Oatmeal Raisin,119,40,91
2022-02-12,Sugar,69,33,34
2022-02-12,Peanut Butter,148,47,127
2022-02-12,Snickerdoodle,87,18,37
2022-02-13,Chocolate Chip,115,15,36
2022-02-13,Oatmeal Raisin,114,10,30
2022-02-13,Sugar,128,20,54
2022-02-13,Peanut Butter,67,38,11
2022-02-13,Snickerdoodle,122,46,74
2022-02-14,Chocolate Chip,68,40,52
2022-02-14,Oatmeal Raisin,55,24,-20
2022-02-14,Sugar,79,14,37
2022-02-14,Peanut Butter,79,12,35
2022-02-14,Snickerdoodle,116,33,93
2022-02-15,Chocolate Chip,108,12,40
2022-02-15,Oatmeal Raisin,63,43,26
2022-02-15,Sugar,85,26,11
2022-02-15,Peanut Butter,122,21,63
2022-02-15,Snickerdoodle,98,33,51
2022-02-16,Chocolate Chip,59,43,82
2022-02-16,Oatmeal Raisin,78,43,88
2022-02-16,Sugar,94,41,87
2022-02-16,Peanut Butter,127,10,51
2022-02-16,Snickerdoodle,67,38,14
2022-02-17,Chocolate Chip,59,42,66
2022-02-17,Oatmeal Raisin,77,19,17
2022-02-17,Sugar,96,48,53
2022-02-17,Peanut Butter,65,24,13
2022-02-17,Snickerdoodle,92,17,25
2022-02-18,Chocolate Chip,111,40,61
2022-02-18,Oatmeal Raisin,70,36,6
2022-02-18,Sugar,66,46,22
2022-02-18,Peanut Butter,67,50,27
2022-02-18,Snickerdoodle,123,19,62
2022-02-19,Chocolate Chip,73,43,30
2022-02-19,Oatmeal Raisin,126,46,86
2022-02-19,Sugar,142,28,84
2022-02-19,Peanut Butter,77,38,29
2022-02-19,Snickerdoodle,110,40,64
2022-02-20,Chocolate Chip,102,48,120
2022-02-20,Oatmeal Raisin,124,21,96
2022-02-20,Sugar,115,26,102
2022-02-20,Peanut Butter,137,31,138
2022-02-20,Snickerdoodle,126,47,111
2022-02-21,Chocolate Chip,99,18,44
2022-02-21,Oatmeal Raisin,75,43,45
2022-02-21,Sugar,114,36,56
2022-02-21,Peanut Butter,127,16,70
2022-02-21,Snickerdoodle,128,48,83
2022-02-22,Chocolate Chip,61,40,81
2022-02-22,Oatmeal Raisin,127,44,113
2022-02-22,Sugar,149,37,113
2022-02-22,Peanut Butter,97,12,20
2022-02-22,Snickerdoodle,104,24,80
2022-02-23,Chocolate Chip,111,34,91
2022-02-23,Oatmeal Raisin,144,46,126
2022-02-23,Sugar,82,40,51
2022-02-23,Peanut Butter,60,28,9
2022-02-23,Snickerdoodle,119,36,56
2022-02-24,Chocolate Chip,50,10,-10
2022-02-24,Oatmeal Raisin,65,43,28
2022-02-24,Sugar,138,30,94
2022-02-24,Peanut Butter,63,19,3
2022-02-24,Snickerdoodle,124,26,80
2022-02-25,Chocolate Chip,118,37,108
2022-02-25,Oatmeal Raisin,128,27,92
2022-02-25,Sugar,100,23,55
2022-02-25,Peanut Butter,150,45,122
2022-02-25,Snickerdoodle,97,45,95
2022-02-26,Chocolate Chip,82,29,22
2022-02-26,Oatmeal Raisin,149,35,95
2022-02-26,Sugar,134,17,62
2022-02-26,Peanut Butter,107,20,38
2022-02-26,Snickerdoodle,115,35,61
2022-02-27,Chocolate Chip,120,49,147
2022-02-27,Oatmeal Raisin,140,13,103
2022-02-27,Sugar,131,10,107
2022-02-27,Peanut Butter,68,40,61
2022-02-27,Snickerdoodle,105,15,68
2022-02-28,Chocolate Chip,97,15,71
2022-02-28,Oatmeal Raisin,142,34,135
2022-02-28,Sugar,101,49,109
2022-02-28,Peanut Butter,86,48,83
2022-02-28,Snickerdoodle,131,41,113
2022-03-01,Chocolate Chip,75,43,50
2022-03-01,Oatmeal Raisin,54,48,34
2022-03-01,Sugar,139,24,63
2022-03-01,Peanut Butter,136,12,80
2022-03-01,Snickerdoodle,133,10,47
2022-03-02,Chocolate Chip,61,27,-4
2022-03-02,Oatmeal Raisin,95,35,38
2022-03-02,Sugar,75,43,16
2022-03-02,Peanut Butter,61,45,12
2022-03-02,Snickerdoodle,121,47,76
2022-03-03,Chocolate Chip,85,24,43
2022-03-03,Oatmeal Raisin,74,39,35
2022-03-03,Sugar,123,10,58
2022-03-03,Peanut Butter,102,42,58
2022-03-03,Snickerdoodle,59,42,35
2022-03-04,Chocolate Chip,64,42,18
2022-03-04,Oatmeal Raisin,118,46,76
2022-03-04,Sugar,106,34,45
2022-03-04,Peanut Butter,148,25,85
2022-03-04,Snickerdoodle,149,39,100
2022-03-05,Chocolate Chip,125,11,59
2022-03-05,Oatmeal Raisin,83,14,18
2022-03-05,Sugar,150,24,97
2022-03-05,Peanut Butter,79,30,26
2022-03-05,Snickerdoodle,95,43,61
2022-03-06,Chocolate Chip,139,26,100
2022-03-06,Oatmeal Raisin,61,35,31
2022-03-06,Sugar,93,14,11
2022-03-06,Peanut Butter,72,40,47
2022-03-06,Snickerdoodle,77,46,37
2022-03-07,Chocolate Chip,145,22,137
2022-03-07,Oatmeal Raisin,75,25,28
2022-03-07,Sugar,83,23,56
2022-03-07,Peanut Butter,81,49,48
2022-03-07,Snickerdoodle,149,16,135
2022-03-08,Chocolate Chip,60,41,53
2022-03-08,Oatmeal Raisin,147,44,140
2022-03-08,Sugar,111,33,50
2022-03-08,Peanut Butter,113,46,69
2022-03-08,Snickerdoodle,112,21,59
2022-03-09,Chocolate Chip,115,27,52
2022-03-09,Oatmeal Raisin,146,46,102
2022-03-09,Sugar,117,37,64
2022-03-09,Peanut Butter,119,12,41
2022-03-09,Snickerdoodle,100,21,31
2022-03-10,Chocolate Chip,65,43,65
2022-03-10,Oatmeal Raisin,138,10,67
2022-03-10,Sugar,98,47,50
2022-03-10,Peanut Butter,96,49,58
2022-03-10,Snickerdoodle,73,45,75
2022-03-11,Chocolate Chip,84,40,67
2022-03-11,Oatmeal Raisin,93,33,69
2022-03-11,Sugar,104,23,39
2022-03-11,Peanut Butter,146,33,122
2022-03-11,Snickerdoodle,101,27,38
2022-03-12,Chocolate Chip,123,18,105
2022-03-12,Oatmeal Raisin,137,24,79
2022-03-12,Sugar,142,27,133
2022-03-12,Peanut Butter,121,37,78
2022-03-12,Snickerdoodle,75,19,31
2022-03-13,Chocolate Chip,144,19,137
2022-03-13,Oatmeal Raisin,51,21,-9
2022-03-13,Sugar,67,50,89
2022-03-13,Peanut Butter,142,30,143
2022-03-13,Snickerdoodle,88,26,88
2022-03-14,Chocolate Chip,122,13,43
2022-03-14,Oatmeal Raisin,138,20,76
2022-03-14,Sugar,110,50,78
2022-03-14,Peanut Butter,83,33,24
2022-03-14,Snickerdoodle,121,26,48
2022-03-15,Chocolate Chip,102,17,33
2022-03-15,Oatmeal Raisin,136,48,98
2022-03-15,Sugar,123,44,72
2022-03-15,Peanut Butter,149,28,91
2022-03-15,Snickerdoodle,136,42,92
2022-03-16,Chocolate Chip,144,38,150
2022-03-16,Oatmeal Raisin,98,49,101
2022-03-16,Sugar,130,19,96
2022-03-16,Peanut Butter,131,31,122
2022-03-16,Snickerdoodle,128,46,84
2022-03-17,Chocolate Chip,59,15,54
2022-03-17,Oatmeal Raisin,79,30,13
2022-03-17,Sugar,87,27,90
2022-03-17,Peanut Butter,100,27,71
2022-03-17,Snickerdoodle,149,33,104
2022-03-18,Chocolate Chip,116,38,105
2022-03-18,Oatmeal Raisin,73,11,-16
2022-03-18,Sugar,80,26,57
2022-03-18,Peanut Butter,139,15,65
2022-03-18,Snickerdoodle,100,16,77
2022-03-19,Chocolate Chip,120,13,95
2022-03-19,Oatmeal Raisin,117,15,91
2022-03-19,Sugar,129,19,52
2022-03-19,Peanut Butter,89,24,21
2022-03-19,Snickerdoodle,86,38,48
2022-03-20,Chocolate Chip,66,43,51
2022-03-20,Oatmeal Raisin,53,12,7
2022-03-20,Sugar,91,40,48
2022-03-20,Peanut Butter,119,27,2
2022-03-20,Snickerdoodle,67,44,50
2022-03-21,Chocolate Chip,126,39,142
2022-03-21,Oatmeal Raisin,131,46,84
2022-03-21,Sugar,131,50,158
2022-03-21,Peanut Butter,94,40,80
2022-03-21,Snickerdoodle,61,38,57
2022-03-22,Chocolate Chip,102,26,52
2022-03-22,Oatmeal Raisin,51,10,-15
2022-03-22,Sugar,147,18,89
2022-03-22,Peanut Butter,110,44,72
2022-03-22,Snickerdoodle,146,40,106
2022-03-23,Chocolate Chip,148,37,123
2022-03-23,Oatmeal Raisin,126,24,88
2022-03-23,Sugar,120,33,91
2022-03-23,Peanut Butter,121,37,75
2022-03-23,Snickerdoodle,70,34,33
2022-03-24,Chocolate Chip,78,26,49
2022-03-24,Oatmeal Raisin,116,49,105
2022-03-24,Sugar,137,27,119
2022-03-24,Peanut Butter,145,44,118
2022-03-24,Snickerdoodle,102,22,79
2022-03-25,Chocolate Chip,73,18,2
2022-03-25,Oatmeal Raisin,131,39,81
2022-03-25,Sugar,84,49,44
2022-03-25,Peanut Butter,91,11,13
2022-03-25,Snickerdoodle,118,11,40
2022-03-26,Chocolate Chip,63,28,1
2022-03-26,Oatmeal Raisin,141,38,89
2022-03-26,Sugar,79,15,4
2022-03-26,Peanut Butter,113,23,36
2022-03-26,Snickerdoodle,89,41,40
2022-03-27,Chocolate Chip,109,12,62
2022-03-27,Oatmeal Raisin,146,19,75
2022-03-27,Sugar,59,44,44
2022-03-27,Peanut Butter,74,26,41
2022-03-27,Snickerdoodle,51,17,9
2022-03-28,Chocolate Chip,141,25,127
2022-03-28,Oatmeal Raisin,106,25,74
2022-03-28,Sugar,54,22,22
2022-03-28,Peanut Butter,148,16,83
2022-03-28,Snickerdoodle,76,40,65
2022-03-29,Chocolate Chip,89,30,81
2022-03-29,Oatmeal Raisin,143,12,59
2022-03-29,Sugar,120,43,125
2022-03-29,Peanut Butter,111,50,106
2022-03-29,Snickerdoodle,96,13,36
2022-03-30,Chocolate Chip,77,17,10
2022-03-30,Oatmeal Raisin,105,30,61
2022-03-30,Sugar,124,17,57
2022-03-30,Peanut Butter,81,10,-3
2022-03-30,Snickerdoodle,124,40,80
2022-03-31,Chocolate Chip,69,33,25
2022-03-31,Oatmeal Raisin,81,20,24
2022-03-31,Sugar,137,49,97
2022-03-31,Peanut Butter,147,50,130
2022-03-31,Snickerdoodle,132,19,74
2022-04-01,Chocolate Chip,63,18,32
2022-04-01,Oatmeal Raisin,90,45,-9
2022-04-01,Sugar,146,32,98
2022-04-01,Peanut Butter,106,22,60
2022-04-01,Snickerdoodle,95,18,64
2022-04-02,Chocolate Chip,55,41,72
2022-04-02,Oatmeal Raisin,121,28,54
2022-04-02,Sugar,112,22,102
2022-04-02,Peanut Butter,119,32,75
2022-04-02,Snickerdoodle,109,27,97
2022-04-03,Chocolate Chip,126,45,99
2022-04-03,Oatmeal Raisin,117,19,64
2022-04-03,Sugar,83,44,55
2022-04-03,Peanut Butter,50,50,28
2022-04-03,Snickerdoodle,143,21,92
2022-04-04,Chocolate Chip,129,33,74
2022-04-04,Oatmeal Raisin,80,30,22
2022-04-04,Sugar,134,44,90
2022-04-04,Peanut Butter,74,43,29
2022-04-04,Snickerdoodle,148,45,105
2022-04-05,Chocolate Chip,86,30,60
2022-04-05,Oatmeal Raisin,91,17,42
2022-04-05,Sugar,55,18,17
2022-04-05,Peanut Butter,54,22,20
2022-04-05,Snickerdoodle,74,16,32
2022-04-06,Chocolate Chip,134,41,150
2022-04-06,Oatmeal Raisin,139,47,159
2022-04-06,Sugar,96,24,53
2022-04-06,Peanut Butter,59,10,18
2022-04-06,Snickerdoodle,76,41,25
2022-04-07,Chocolate Chip,60,39,56
2022-04-07,Oatmeal Raisin,57,33,47
2022-04-07,Sugar,103,33,68
2022-04-07,Peanut Butter,57,49,56
2022-04-07,Snickerdoodle,55,14,-25
2022-04-08,Chocolate Chip,59,23,3
2022-04-08,Oatmeal Raisin,62,16,-1
2022-04-08,Sugar,118,34,73
2022-04-08,Peanut Butter,117,25,63
2022-04-08,Snickerdoodle,72,45,28
2022-04-09,Chocolate Chip,103,16,43
2022-04-09,Oatmeal Raisin,123,32,60
2022-04-09,Sugar,139,37,100
2022-04-09,Peanut Butter,71,21,14
2022-04-09,Snickerdoodle,114,31,69
2022-04-10,Chocolate Chip,118,48,85
2022-04-10,Oatmeal Raisin,95,30,44
2022-04-10,Sugar,91,33,31
2022-04-10,Peanut Butter,131,37,54
2022-04-10,Snickerdoodle,91,48,58
2022-04-11,Chocolate Chip,119,23,50
2022-04-11,Oatmeal Raisin,120,26,54
2022-04-11,Sugar,107,38,53
2022-04-11,Peanut Butter,50,12,-30
2022-04-11,Snickerdoodle,126,11,45
2022-04-12,Chocolate Chip,88,10,33
2022-04-12,Oatmeal Raisin,78,23,36
2022-04-12,Sugar,52,27,14
2022-04-12,Peanut Butter,115,45,60
2022-04-12,Snickerdoodle,123,19,83
2022-04-13,Chocolate Chip,95,19,90
2022-04-13,Oatmeal Raisin,96,47,107
2022-04-13,Sugar,82,29,54
2022-04-13,Peanut Butter,122,23,72
2022-04-13,Snickerdoodle,142,30,136
2022-04-14,Chocolate Chip,72,41,47
2022-04-14,Oatmeal Raisin,138,46,118
2022-04-14,Sugar,62,48,44
2022-04-14,Peanut Butter,54,46,19
2022-04-14,Snickerdoodle,149,13,96
2022-04-15,Chocolate Chip,92,32,61
2022-04-15,Oatmeal Raisin,105,36,62
2022-04-15,Sugar,65,24,26
2022-04-15,Peanut Butter,127,10,74
2022-04-15,Snickerdoodle,130,34,91
2022-04-16,Chocolate Chip,90,44,43
2022-04-16,Oatmeal Raisin,91,42,-7
2022-04-16,Sugar,69,13,-9
2022-04-16,Peanut Butter,100,38,47
2022-04-16,Snickerdoodle,123,42,84
2022-04-17,Chocolate Chip,87,35,73
2022-04-17,Oatmeal Raisin,93,15,9
2022-04-17,Sugar,145,13,67
2022-04-17,Peanut Butter,83,15,0
2022-04-17,Snickerdoodle,105,18,74
2022-04-18,Chocolate Chip,111,45,77
2022-04-18,Oatmeal Raisin,100,46,67
2022-04-18,Sugar,128,43,92
2022-04-18,Peanut Butter,59,27,7
2022-04-18,Snickerdoodle,91,46,54
2022-04-19,Chocolate Chip,104,33,87
2022-04-19,Oatmeal Raisin,91,32,73
2022-04-19,Sugar,53,29,15
2022-04-19,Peanut Butter,94,49,54
2022-04-19,Snickerdoodle,106,49,105
2022-04-20,Chocolate Chip,55,24,47
2022-04-20,Oatmeal Raisin,97,19,18
2022-04-20,Sugar,60,17,-5
2022-04-20,Peanut Butter,81,49,83
2022-04-20,Snickerdoodle,86,10,46
2022-04-21,Chocolate Chip,64,29,61
2022-04-21,Oatmeal Raisin,52,31,16
2022-04-21,Sugar,118,23,76
2022-04-21,Peanut Butter,116,26,87
2022-04-21,Snickerdoodle,129,19,113
2022-04-22,Chocolate Chip,135,11,68
2022-04-22,Oatmeal Raisin,134,43,89
2022-04-22,Sugar,57,28,-11
2022-04-22,Peanut Butter,139,49,110
2022-04-22,Snickerdoodle,109,10,51
2022-04-23,Chocolate Chip,134,33,75
2022-04-23,Oatmeal Raisin,52,28,-12
2022-04-23,Sugar,133,34,75
2022-04-23,Peanut Butter,98,42,48
2022-04-23,Snickerdoodle,62,30,0
2022-04-24,Chocolate Chip,126,44,112
2022-04-24,Oatmeal Raisin,114,39,105
2022-04-24,Sugar,141,11,110
2022-04-24,Peanut Butter,92,41,85
2022-04-24,Snickerdoodle,70,11,16
2022-04-25,Chocolate Chip,95,32,77
2022-04-25,Oatmeal Raisin,80,42,72
2022-04-25,Sugar,57,50,57
2022-04-25,Peanut Butter,99,11,37
2022-04-25,Snickerdoodle,85,24,59
2022-04-26,Chocolate Chip,100,18,52
2022-04-26,Oatmeal Raisin,116,49,99
2022-04-26,Sugar,137,24,95
2022-04-26,Peanut Butter,123,19,76
2022-04-26,Snickerdoodle,89,48,51
2022-04-27,Chocolate Chip,119,18,114
2022-04-27,Oatmeal Raisin,67,47,33
2022-04-27,Sugar,75,18,19
2022-04-27,Peanut Butter,140,43,101
2022-04-27,Snickerdoodle,105,19,48
2022-04-28,Chocolate Chip,122,20,112
2022-04-28,Oatmeal Raisin,121,44,127
2022-04-28,Sugar,65,21,31
2022-04-28,Peanut Butter,68,11,-15
2022-04-28,Snickerdoodle,102,36,77
2022-04-29,Chocolate Chip,145,50,99
2022-04-29,Oatmeal Raisin,85,19,8
2022-04-29,Sugar,63,18,-15
2022-04-29,Peanut Butter,147,49,100
2022-04-29,Snickerdoodle,127,46,77
2022-04-30,Chocolate Chip,126,24,103
2022-04-30,Oatmeal Raisin,53,32,36
2022-04-30,Sugar,67,42,31
2022-04-30,Peanut Butter,110,33,96
2022-04-30,Snickerdoodle,99,41,80
2022-05-01,Chocolate Chip,70,22,25
2022-05-01,Oatmeal Raisin,102,10,32
2022-05-01,Sugar,102,24,59
2022-05-01,Peanut Butter,75,23,41
2022-05-01,Snickerdoodle,128,41,102
2022-05-02,Chocolate Chip,108,25,42
2022-05-02,Oatmeal Raisin,149,12,70
2022-05-02,Sugar,98,30,37
2022-05-02,Peanut Butter,145,46,100
2022-05-02,Snickerdoodle,117,12,38
2022-05-03,Chocolate Chip,107,39,50
2022-05-03,Oatmeal Raisin,55,25,-16
2022-05-03,Sugar,100,12,16
2022-05-03,Peanut Butter,116,50,70
2022-05-03,Snickerdoodle,74,28,6
2022-05-04,Chocolate Chip,88,28,25
2022-05-04,Oatmeal Raisin,104,28,41
2022-05-04,Sugar,56,43,8
2022-05-04,Peanut Butter,109,38,46
2022-05-04,Snickerdoodle,73,47,-62
2022-05-05,Chocolate Chip,139,44,102
2022-05-05,Oatmeal Raisin,102,30,51
2022-05-05,Sugar,72,39,30
2022-05-05,Peanut Butter,141,22,71
2022-05-05,Snickerdoodle,61,26,6
2022-05-06,Chocolate Chip,133,20,130
2022-05-06,Oatmeal Raisin,65,15,-7
2022-05-06,Sugar,107,50,84
2022-05-06,Peanut Butter,117,34,111
2022-05-06,Snickerdoodle,115,49,103
2022-05-07,Chocolate Chip,98,45,51
2022-05-07,Oatmeal Raisin,148,20,76
2022-05-07,Sugar,122,19,49
2022-05-07,Peanut Butter,68,21,-3
2022-05-07,Snickerdoodle,56,36,0
2022-05-08,Chocolate Chip,143,38,105
2022-05-08,Oatmeal Raisin,73,17,14
2022-05-08,Sugar,75,10,9
2022-05-08,Peanut Butter,82,10,16
2022-05-08,Snickerdoodle,113,44,62
2022-05-09,Chocolate Chip,127,41,80
2022-05-09,Oatmeal Raisin,125,40,69
2022-05-09,Sugar,106,15,33
2022-05-09,Peanut Butter,50,25,-13
2022-05-09,Snickerdoodle,85,49,46
2022-05-10,Chocolate Chip,76,13,19
2022-05-10,Oatmeal Raisin,57,32,9
2022-05-10,Sugar,135,46,111
2022-05-10,Peanut Butter,88,31,49
2022-05-10,Snickerdoodle,56,16,2
2022-05-11,Chocolate Chip,72,20,67
2022-05-11,Oatmeal Raisin,128,48,98
2022-05-11,Sugar,121,21,82
2022-05-11,Peanut Butter,145,47,99
2022-05-11,Snickerdoodle,54,15,-4
2022-05-12,Chocolate Chip,91,33,18
2022-05-12,Oatmeal Raisin,58,37,-11
2022-05-12,Sugar,58,28,-20
2022-05-12,Peanut Butter,65,27,-14
2022-05-12,Snickerdoodle,102,43,39
2022-05-13,Chocolate Chip,76,49,20
2022-05-13,Oatmeal Raisin,111,48,64
2022-05-13,Sugar,140,28,73
2022-05-13,Peanut Butter,90,26,21
2022-05-13,Snickerdoodle,129,32,66
2022-05-14,Chocolate Chip,128,46,140
2022-05-14,Oatmeal Raisin,143,50,149
2022-05-14,Sugar,73,49,58
2022-05-14,Peanut Butter,87,22,65
2022-05-14,Snickerdoodle,109,50,121
2022-05-15,Chocolate Chip,144,23,125
2022-05-15,Oatmeal Raisin,103,36,107
2022-05-15,Sugar,121,50,71
2022-05-15,Peanut Butter,131,22,61
2022-05-15,Snickerdoodle,82,14,19
2022-05-16,Chocolate Chip,114,45,67
2022-05-16,Oatmeal Raisin,50,17,-32
2022-05-16,Sugar,93,35,28
2022-05-16,Peanut Butter,128,11,47
2022-05-16,Snickerdoodle,74,31,13
2022-05-17,Chocolate Chip,136,40,121
2022-05-17,Oatmeal Raisin,54,18,7
2022-05-17,Sugar,130,39,110
2022-05-17,Peanut Butter,118,31,94
2022-05-17,Snickerdoodle,102,13,59
2022-05-18,Chocolate Chip,88,46,103
2022-05-18,Oatmeal Raisin,90,45,51
2022-05-18,Sugar,76,46,28
2022-05-18,Peanut Butter,95,14,78
2022-05-18,Snickerdoodle,85,11,3
2022-05-19,Chocolate Chip,98,50,87
2022-05-19,Oatmeal Raisin,71,46,33
2022-05-19,Sugar,73,48,60
2022-05-19,Peanut Butter,150,29,116
2022-05-19,Snickerdoodle,90,12,41
2022-05-20,Chocolate Chip,61,41,18
2022-05-20,Oatmeal Raisin,97,38,51
2022-05-20,Sugar,88,23,24
2022-05-20,Peanut Butter,72,17,5
2022-05-20,Snickerdoodle,54,22,-8
2022-05-21,Chocolate Chip,106,42,85
2022-05-21,Oatmeal Raisin,114,19,70
2022-05-21,Sugar,111,43,91
2022-05-21,Peanut Butter,91,19,47
2022-05-21,Snickerdoodle,62,43,36
2022-05-22,Chocolate Chip,66,23,-8
2022-05-22,Oatmeal Raisin,108,34,45
2022-05-22,Sugar,116,17,26
2022-05-22,Peanut Butter,137,48,88
2022-05-22,Snickerdoodle,92,39,34
2022-05-23,Chocolate Chip,63,43,76
2022-05-23,Oatmeal Raisin,145,29,106
2022-05-23,Sugar,131,23,92
2022-05-23,Peanut Butter,74,28,15
2022-05-23,Snickerdoodle,90,38,54
2022-05-24,Chocolate Chip,84,19,81
2022-05-24,Oatmeal Raisin,64,10,31
2022-05-24,Sugar,121,42,100
2022-05-24,Peanut Butter,119,32,69
2022-05-24,Snickerdoodle,84,19,66
2022-05-25,Chocolate Chip,86,46,75
2022-05-25,Oatmeal Raisin,59,29,31
2022-05-25,Sugar,93,44,48
2022-05-25,Peanut Butter,66,11,-53
2022-05-25,Snickerdoodle,136,13,50
2022-05-26,Chocolate Chip,56,15,3
2022-05-26,Oatmeal Raisin,72,48,52
2022-05-26,Sugar,130,38,69
2022-05-26,Peanut Butter,89,31,52
2022-05-26,Snickerdoodle,141,44,127
2022-05-27,Chocolate Chip,122,18,90
2022-05-27,Oatmeal Raisin,62,39,3
2022-05-27,Sugar,132,39,94
2022-05-27,Peanut Butter,78,19,47
2022-05-27,Snickerdoodle,128,26,74
2022-05-28,Chocolate Chip,100,21,77
2022-05-28,Oatmeal Raisin,135,31,73
2022-05-28,Sugar,91,39,51
2022-05-28,Peanut Butter,58,40,30
2022-05-28,Snickerdoodle,111,39,77
2022-05-29,Chocolate Chip,86,32,73
2022-05-29,Oatmeal Raisin,66,42,63
2022-05-29,Sugar,141,16,112
2022-05-29,Peanut Butter,133,14,80
2022-05-29,Snickerdoodle,118,39,112
2022-05-30,Chocolate Chip,102,25,41
2022-05-30,Oatmeal Raisin,120,20,54
2022-05-30,Sugar,99,14,27
2022-05-30,Peanut Butter,138,47,99
2022-05-30,Snickerdoodle,105,46,65
2022-05-31,Chocolate Chip,119,25,96
2022-05-31,Oatmeal Raisin,135,14,85
2022-05-31,Sugar,141,46,114
2022-05-31,Peanut Butter,64,47,27
2022-05-31,Snickerdoodle,91,45,67
2022-06-01,Chocolate Chip,72,29,34
2022-06-01,Oatmeal Raisin,58,48,39
2022-06-01,Sugar,126,34,93
2022-06-01,Peanut Butter,132,13,68
2022-06-01,Snickerdoodle,124,50,107
2022-06-02,Chocolate Chip,146,19,85
2022-06-02,Oatmeal Raisin,107,44,71
2022-06-02,Sugar,128,46,94
2022-06-02,Peanut Butter,76,30,26
2022-06-02,Snickerdoodle,136,29,68
2022-06-03,Chocolate Chip,105,32,103
2022-06-03,Oatmeal Raisin,124,10,84
2022-06-03,Sugar,115,35,116
2022-06-03,Peanut Butter,87,13,1
2022-06-03,Snickerdoodle,120,13,99
2022-06-04,Chocolate Chip,64,28,9
2022-06-04,Oatmeal Raisin,80,37,34
2022-06-04,Sugar,100,50,57
2022-06-04,Peanut Butter,98,35,50
2022-06-04,Snickerdoodle,119,23,59
2022-06-05,Chocolate Chip,110,18,78
2022-06-05,Oatmeal Raisin,99,33,82
2022-06-05,Sugar,69,28,47
2022-06-05,Peanut Butter,135,18,87
2022-06-05,Snickerdoodle,59,11,-17
2022-06-06,Chocolate Chip,112,37,65
2022-06-06,Oatmeal Raisin,67,15,-2
2022-06-06,Sugar,103,39,58
2022-06-06,Peanut Butter,139,48,103
2022-06-06,Snickerdoodle,129,21,66
2022-06-07,Chocolate Chip,104,45,121
2022-06-07,Oatmeal Raisin,99,32,31
2022-06-07,Sugar,104,48,58
2022-06-07,Peanut Butter,143,25,106
2022-06-07,Snickerdoodle,84,36,55
2022-06-08,Chocolate Chip,123,33,104
2022-06-08,Oatmeal Raisin,122,40,83
2022-06-08,Sugar,64,47,30
2022-06-08,Peanut Butter,138,15,111
2022-06-08,Snickerdoodle,143,43,144
2022-06-09,Chocolate Chip,146,27,148
2022-06-09,Oatmeal Raisin,60,43,78
2022-06-09,Sugar,61,25,27
2022-06-09,Peanut Butter,144,14,69
2022-06-09,Snickerdoodle,119,47,141
2022-06-10,Chocolate Chip,56,31,43
2022-06-10,Oatmeal Raisin,51,40,47
2022-06-10,Sugar,110,46,94
2022-06-10,Peanut Butter,103,32,68
2022-06-10,Snickerdoodle,87,28,44
2022-06-11,Chocolate Chip,138,48,117
2022-06-11,Oatmeal Raisin,143,46,120
2022-06-11,Sugar,130,40,87
2022-06-11,Peanut Butter,123,13,50
2022-06-11,Snickerdoodle,87,49,77
2022-06-12,Chocolate Chip,60,18,48
2022-06-12,Oatmeal Raisin,150,27,134
2022-06-12,Sugar,128,27,94
2022-06-12,Peanut Butter,82,10,31
2022-06-12,Snickerdoodle,127,21,89
2022-06-13,Chocolate Chip,144,19,89
2022-06-13,Oatmeal Raisin,97,21,42
2022-06-13,Sugar,139,25,90
2022-06-13,Peanut Butter,117,12,55
2022-06-13,Snickerdoodle,60,19,4
2022-06-14,Chocolate Chip,69,41,83
2022-06-14,Oatmeal Raisin,102,34,65
2022-06-14,Sugar,106,50,116
2022-06-14,Peanut Butter,123,32,117
2022-06-14,Snickerdoodle,146,17,125
2022-06-15,Chocolate Chip,101,40,91
2022-06-15,Oatmeal Raisin,145,44,123
2022-06-15,Sugar,137,34,121
2022-06-15,Peanut Butter,68,43,34
2022-06-15,Snickerdoodle,51,28,12
2022-06-16,Chocolate Chip,107,34,112
2022-06-16,Oatmeal Raisin,117,12,42
2022-06-16,Sugar,105,49,94
2022-06-16,Peanut Butter,84,31,64
2022-06-16,Snickerdoodle,62,26,59
2022-06-17,Chocolate Chip,100,39,56
2022-06-17,Oatmeal Raisin,145,25,79
2022-06-17,Sugar,125,22,64
2022-06-17,Peanut Butter,136,21,74
2022-06-17,Snickerdoodle,51,10,-22
2022-06-18,Chocolate Chip,51,36,-5
2022-06-18,Oatmeal Raisin,137,38,93
2022-06-18,Sugar,142,28,88
2022-06-18,Peanut Butter,54,11,-17
2022-06-18,Snickerdoodle,57,48,23
2022-06-19,Chocolate Chip,77,48,97
2022-06-19,Oatmeal Raisin,140,17,100
2022-06-19,Sugar,98,46,104
2022-06-19,Peanut Butter,73,17,48
2022-06-19,Snickerdoodle,82,28,25
2022-06-20,Chocolate Chip,59,50,64
2022-06-20,Oatmeal Raisin,85,37,72
2022-06-20,Sugar,135,30,120
2022-06-20,Peanut Butter,149,14,70
2022-06-20,Snickerdoodle,57,34,1
2022-06-21,Chocolate Chip,57,26,52
2022-06-21,Oatmeal Raisin,83,21,34
2022-06-21,Sugar,112,22,53
2022-06-21,Peanut Butter,72,41,41
2022-06-21,Snickerdoodle,119,37,125
2022-06-22,Chocolate Chip,132,16,88
2022-06-22,Oatmeal Raisin,141,26,90
2022-06-22,Sugar,59,14,-13
2022-06-22,Peanut Butter,82,38,30
2022-06-22,Snickerdoodle,69,50,49
2022-06-23,Chocolate Chip,135,34,133
2022-06-23,Oatmeal Raisin,139,31,134
2022-06-23,Sugar,123,10,47
2022-06-23,Peanut Butter,148,41,148
2022-06-23,Snickerdoodle,101,14,67
2022-06-24,Chocolate Chip,50,34,-2
2022-06-24,Oatmeal Raisin,149,40,103
2022-06-24,Sugar,118,32,60
2022-06-24,Peanut Butter,88,35,23
2022-06-24,Snickerdoodle,96,44,52
2022-06-25,Chocolate Chip,93,15,67
2022-06-25,Oatmeal Raisin,147,28,81
2022-06-25,Sugar,72,45,18
2022-06-25,Peanut Butter,134,22,59
2022-06-25,Snickerdoodle,99,16,69
2022-06-26,Chocolate Chip,95,41,76
2022-06-26,Oatmeal Raisin,144,22,73
2022-06-26,Sugar,74,11,25
2022-06-26,Peanut Butter,125,25,77
2022-06-26,Snickerdoodle,58,44,42
2022-06-27,Chocolate Chip,113,44,57
2022-06-27,Oatmeal Raisin,107,11,8
2022-06-27,Sugar,93,12,5
2022-06-27,Peanut Butter,77,43,20
2022-06-27,Snickerdoodle,136,44,80
2022-06-28,Chocolate Chip,124,24,67
2022-06-28,Oatmeal Raisin,54,19,-8
2022-06-28,Sugar,52,40,11
2022-06-28,Peanut Butter,129,12,60
2022-06-28,Snickerdoodle,133,18,60
2022-06-29,Chocolate Chip,89,16,69
2022-06-29,Oatmeal Raisin,71,47,33
2022-06-29,Sugar,64,41,45
2022-06-29,Peanut Butter,128,24,106
2022-06-29,Snickerdoodle,104,31,84
2022-06-30,Chocolate Chip,144,35,153
2022-06-30,Oatmeal Raisin,137,46,114
2022-06-30,Sugar,91,23,41
2022-06-30,Peanut Butter,125,21,106
2022-06-30,Snickerdoodle,65,27,-1
2022-07-01,Chocolate Chip,103,20,79
2022-07-01,Oatmeal Raisin,120,20,57
2022-07-01,Sugar,124,12,57
2022-07-01,Peanut Butter,130,49,120
2022-07-01,Snickerdoodle,70,11,37
2022-07-02,Chocolate Chip,60,10,-24
2022-07-02,Oatmeal Raisin,140,47,103
2022-07-02,Sugar,103,40,46
2022-07-02,Peanut Butter,76,19,11
2022-07-02,Snickerdoodle,116,38,70
2022-07-03,Chocolate Chip,72,49,100
2022-07-03,Oatmeal Raisin,126,21,72
2022-07-03,Sugar,128,15,90
2022-07-03,Peanut Butter,150,29,108
2022-07-03,Snickerdoodle,50,45,24
2022-07-04,Chocolate Chip,65,43,17
2022-07-04,Oatmeal Raisin,129,33,71
2022-07-04,Sugar,119,42,70
2022-07-04,Peanut Butter,148,50,107
2022-07-04,Snickerdoodle,85,13,-1
2022-07-05,Chocolate Chip,69,40,74
2022-07-05,Oatmeal Raisin,70,12,50
2022-07-05,Sugar,86,23,46
2022-07-05,Peanut Butter,92,49,75
2022-07-05,Snickerdoodle,147,39,141
2022-07-06,Chocolate Chip,118,21,68
2022-07-06,Oatmeal Raisin,53,41,23
2022-07-06,Sugar,59,25,13
2022-07-06,Peanut Butter,125,47,86
2022-07-06,Snickerdoodle,75,30,8
2022-07-07,Chocolate Chip,64,30,57
2022-07-07,Oatmeal Raisin,80,36,18
2022-07-07,Sugar,98,24,52
2022-07-07,Peanut Butter,56,37,35
2022-07-07,Snickerdoodle,128,39,83
2022-07-08,Chocolate Chip,97,18,27
2022-07-08,Oatmeal Raisin,74,50,32
2022-07-08,Sugar,84,22,18
2022-07-08,Peanut Butter,54,46,2
2022-07-08,Snickerdoodle,64,39,9
2022-07-09,Chocolate Chip,71,31,-48
2022-07-09,Oatmeal Raisin,87,48,-15
2022-07-09,Sugar,131,49,30
2022-07-09,Peanut Butter,123,45,18
2022-07-09,Snickerdoodle,61,36,-53
2022-07-10,Chocolate Chip,112,23,36
2022-07-10,Oatmeal Raisin,109,27,47
2022-07-10,Sugar,144,25,67
2022-07-10,Peanut Butter,105,47,53
2022-07-10,Snickerdoodle,125,19,45
2022-07-11,Chocolate Chip,50,36,47
2022-07-11,Oatmeal Raisin,55,40,49
2022-07-11,Sugar,114,12,28
2022-07-11,Peanut Butter,100,40,101
2022-07-11,Snickerdoodle,139,16,69
2022-07-12,Chocolate Chip,80,15,34
2022-07-12,Oatmeal Raisin,51,36,6
2022-07-12,Sugar,66,32,37
2022-07-12,Peanut Butter,132,15,69
2022-07-12,Snickerdoodle,70,39,46
2022-07-13,Chocolate Chip,145,47,139
2022-07-13,Oatmeal Raisin,109,18,74
2022-07-13,Sugar,101,21,67
2022-07-13,Peanut Butter,97,50,94
2022-07-13,Snickerdoodle,131,10,83
2022-07-14,Chocolate Chip,59,34,47
2022-07-14,Oatmeal Raisin,92,43,53
2022-07-14,Sugar,146,27,109
2022-07-14,Peanut Butter,128,44,117
2022-07-14,Snickerdoodle,76,15,-2
2022-07-15,Chocolate Chip,92,13,37
2022-07-15,Oatmeal Raisin,136,33,99
2022-07-15,Sugar,64,34,30
2022-07-15,Peanut Butter,129,12,73
2022-07-15,Snickerdoodle,72,45,49
2022-07-16,Chocolate Chip,121,23,68
2022-07-16,Oatmeal Raisin,92,25,36
2022-07-16,Sugar,133,40,85
2022-07-16,Peanut Butter,146,47,102
2022-07-16,Snickerdoodle,139,23,86
2022-07-17,Chocolate Chip,147,24,76
2022-07-17,Oatmeal Raisin,84,42,31
2022-07-17,Sugar,85,13,11
2022-07-17,Peanut Butter,107,41,53
2022-07-17,Snickerdoodle,65,40,10
2022-07-18,Chocolate Chip,136,44,100
2022-07-18,Oatmeal Raisin,107,49,76
2022-07-18,Sugar,136,14,70
2022-07-18,Peanut Butter,108,15,33
2022-07-18,Snickerdoodle,86,14,20
2022-07-19,Chocolate Chip,85,17,46
2022-07-19,Oatmeal Raisin,113,19,76
2022-07-19,Sugar,116,50,120
2022-07-19,Peanut Butter,137,44,125
2022-07-19,Snickerdoodle,110,32,86
2022-07-20,Chocolate Chip,144,11,113
2022-07-20,Oatmeal Raisin,58,11,27
2022-07-20,Sugar,79,43,80
2022-07-20,Peanut Butter,102,47,79
2022-07-20,Snickerdoodle,132,30,119
2022-07-21,Chocolate Chip,135,43,121
2022-07-21,Oatmeal Raisin,106,39,88
2022-07-21,Sugar,66,29,-2
2022-07-21,Peanut Butter,83,24,45
2022-07-21,Snickerdoodle,86,13,10
2022-07-22,Chocolate Chip,86,39,88
2022-07-22,Oatmeal Raisin,129,20,70
2022-07-22,Sugar,86,21,70
2022-07-22,Peanut Butter,140,19,81
2022-07-22,Snickerdoodle,64,12,12
2022-07-23,Chocolate Chip,123,18,84
2022-07-23,Oatmeal Raisin,97,21,61
2022-07-23,Sugar,140,12,81
2022-07-23,Peanut Butter,94,19,28
2022-07-23,Snickerdoodle,119,20,68
2022-07-24,Chocolate Chip,65,11,33
2022-07-24,Oatmeal Raisin,113,19,51
2022-07-24,Sugar,90,19,33
2022-07-24,Peanut Butter,132,28,110
2022-07-24,Snickerdoodle,87,46,79
2022-07-25,Chocolate Chip,122,38,102
2022-07-25,Oatmeal Raisin,64,40,-82
2022-07-25,Sugar,67,45,46
2022-07-25,Peanut Butter,53,35,30
2022-07-25,Snickerdoodle,78,38,37
2022-07-26,Chocolate Chip,91,13,33
2022-07-26,Oatmeal Raisin,74,47,50
2022-07-26,Sugar,150,27,106
2022-07-26,Peanut Butter,60,44,33
2022-07-26,Snickerdoodle,136,15,80
2022-07-27,Chocolate Chip,100,22,44
2022-07-27,Oatmeal Raisin,127,48,78
2022-07-27,Sugar,57,33,0
2022-07-27,Peanut Butter,141,37,90
2022-07-27,Snickerdoodle,97,10,29
2022-07-28,Chocolate Chip,94,29,27
2022-07-28,Oatmeal Raisin,121,15,40
2022-07-28,Sugar,106,36,46
2022-07-28,Peanut Butter,86,20,10
2022-07-28,Snickerdoodle,104,36,44
2022-07-29,Chocolate Chip,125,48,73
2022-07-29,Oatmeal Raisin,88,40,38
2022-07-29,Sugar,117,31,68
2022-07-29,Peanut Butter,61,10,-19
2022-07-29,Snickerdoodle,84,36,30
2022-07-30,Chocolate Chip,109,46,73
2022-07-30,Oatmeal Raisin,67,22,4
2022-07-30,Sugar,98,28,44
2022-07-30,Peanut Butter,55,29,-1
2022-07-30,Snickerdoodle,88,41,37
2022-07-31,Chocolate Chip,109,24,44
2022-07-31,Oatmeal Raisin,69,26,16
2022-07-31,Sugar,131,50,102
2022-07-31,Peanut Butter,133,28,82
2022-07-31,Snickerdoodle,112,25,43
2022-08-01,Chocolate Chip,113,14,53
2022-08-01,Oatmeal Raisin,96,47,69
2022-08-01,Sugar,105,26,57
2022-08-01,Peanut Butter,110,17,53
2022-08-01,Snickerdoodle,143,46,69
2022-08-02,Chocolate Chip,70,47,74
2022-08-02,Oatmeal Raisin,109,18,54
2022-08-02,Sugar,56,27,15
2022-08-02,Peanut Butter,131,32,95
2022-08-02,Snickerdoodle,117,50,78
2022-08-03,Chocolate Chip,115,22,73
2022-08-03,Oatmeal Raisin,73,16,1
2022-08-03,Sugar,71,44,51
2022-08-03,Peanut Butter,90,29,55
2022-08-03,Snickerdoodle,139,33,118
2022-08-04,Chocolate Chip,68,10,-1
2022-08-04,Oatmeal Raisin,86,33,30
2022-08-04,Sugar,102,31,54
2022-08-04,Peanut Butter,70,16,7
2022-08-04,Snickerdoodle,114,24,59
2022-08-05,Chocolate Chip,121,49,102
2022-08-05,Oatmeal Raisin,117,44,88
2022-08-05,Sugar,139,17,88
2022-08-05,Peanut Butter,59,17,8
2022-08-05,Snickerdoodle,52,40,24
2022-08-06,Chocolate Chip,138,33,145
2022-08-06,Oatmeal Raisin,106,48,128
2022-08-06,Sugar,93,21,65
2022-08-06,Peanut Butter,53,17,43
2022-08-06,Snickerdoodle,138,19,100
2022-08-07,Chocolate Chip,89,18,14
2022-08-07,Oatmeal Raisin,60,37,1
2022-08-07,Sugar,150,17,84
2022-08-07,Peanut Butter,146,37,80
2022-08-07,Snickerdoodle,54,42,3
2022-08-08,Chocolate Chip,110,17,69
2022-08-08,Oatmeal Raisin,55,14,-22
2022-08-08,Sugar,51,16,9
2022-08-08,Peanut Butter,127,23,76
2022-08-08,Snickerdoodle,75,21,38
2022-08-09,Chocolate Chip,53,15,0
2022-08-09,Oatmeal Raisin,145,27,104
2022-08-09,Sugar,94,32,54
2022-08-09,Peanut Butter,114,49,95
2022-08-09,Snickerdoodle,122,14,48
2022-08-10,Chocolate Chip,117,23,92
2022-08-10,Oatmeal Raisin,86,20,58
2022-08-10,Sugar,118,10,80
2022-08-10,Peanut Butter,62,23,12
2022-08-10,Snickerdoodle,140,40,132
2022-08-11,Chocolate Chip,125,21,94
2022-08-11,Oatmeal Raisin,63,21,32
2022-08-11,Sugar,98,37,68
2022-08-11,Peanut Butter,79,36,63
2022-08-11,Snickerdoodle,90,17,39
2022-08-12,Chocolate Chip,116,18,86
2022-08-12,Oatmeal Raisin,96,28,76
2022-08-12,Sugar,55,15,-25
2022-08-12,Peanut Butter,64,34,7
2022-08-12,Snickerdoodle,126,29,107
2022-08-13,Chocolate Chip,106,24,68
2022-08-13,Oatmeal Raisin,87,37,62
2022-08-13,Sugar,58,40,36
2022-08-13,Peanut Butter,97,21,66
2022-08-13,Snickerdoodle,136,16,71
2022-08-14,Chocolate Chip,116,15,34
2022-08-14,Oatmeal Raisin,100,35,38
2022-08-14,Sugar,63,20,-24
2022-08-14,Peanut Butter,93,22,18
2022-08-14,Snickerdoodle,101,17,21
2022-08-15,Chocolate Chip,104,41,86
2022-08-15,Oatmeal Raisin,141,47,103
2022-08-15,Sugar,146,35,102
2022-08-15,Peanut Butter,135,48,103
2022-08-15,Snickerdoodle,112,42,94
2022-08-16,Chocolate Chip,148,39,120
2022-08-16,Oatmeal Raisin,82,41,56
2022-08-16,Sugar,130,18,71
2022-08-16,Peanut Butter,58,41,32
2022-08-16,Snickerdoodle,72,34,12
2022-08-17,Chocolate Chip,91,19,37
2022-08-17,Oatmeal Raisin,129,16,72
2022-08-17,Sugar,134,43,104
2022-08-17,Peanut Butter,109,22,58
2022-08-17,Snickerdoodle,113,41,81
2022-08-18,Chocolate Chip,119,31,68
2022-08-18,Oatmeal Raisin,119,44,71
2022-08-18,Sugar,105,17,40
2022-08-18,Peanut Butter,90,34,35
2022-08-18,Snickerdoodle,54,12,-23
2022-08-19,Chocolate Chip,134,29,136
2022-08-19,Oatmeal Raisin,71,41,83
2022-08-19,Sugar,89,34,96
2022-08-19,Peanut Butter,64,46,38
2022-08-19,Snickerdoodle,134,45,79
2022-08-20,Chocolate Chip,123,40,85
2022-08-20,Oatmeal Raisin,70,42,34
2022-08-20,Sugar,113,47,61
2022-08-20,Peanut Butter,128,32,62
2022-08-20,Snickerdoodle,86,30,-48
2022-08-21,Chocolate Chip,66,33,9
2022-08-21,Oatmeal Raisin,144,47,111
2022-08-21,Sugar,98,16,24
2022-08-21,Peanut Butter,95,36,19
2022-08-21,Snickerdoodle,134,25,69
2022-08-22,Chocolate Chip,132,29,119
2022-08-22,Oatmeal Raisin,138,14,110
2022-08-22,Sugar,64,31,45
2022-08-22,Peanut Butter,118,30,61
2022-08-22,Snickerdoodle,122,42,99
2022-08-23,Chocolate Chip,84,11,25
2022-08-23,Oatmeal Raisin,125,11,65
2022-08-23,Sugar,98,46,74
2022-08-23,Peanut Butter,123,16,69
2022-08-23,Snickerdoodle,62,23,15
2022-08-24,Chocolate Chip,114,31,121
2022-08-24,Oatmeal Raisin,88,33,53
2022-08-24,Sugar,75,41,36
2022-08-24,Peanut Butter,150,14,140
2022-08-24,Snickerdoodle,118,23,111
2022-08-25,Chocolate Chip,56,29,10
2022-08-25,Oatmeal Raisin,101,24,50
2022-08-25,Sugar,61,47,43
2022-08-25,Peanut Butter,84,14,23
2022-08-25,Snickerdoodle,117,40,65
2022-08-26,Chocolate Chip,94,14,83
2022-08-26,Oatmeal Raisin,88,42,75
2022-08-26,Sugar,105,44,57
2022-08-26,Peanut Butter,103,35,96
2022-08-26,Snickerdoodle,115,39,124
2022-08-27,Chocolate Chip,120,21,46
2022-08-27,Oatmeal Raisin,130,43,78
2022-08-27,Sugar,123,41,69
2022-08-27,Peanut Butter,145,39,89
2022-08-27,Snickerdoodle,131,44,80
2022-08-28,Chocolate Chip,148,37,96
2022-08-28,Oatmeal Raisin,143,50,94
2022-08-28,Sugar,96,39,46
2022-08-28,Peanut Butter,69,29,9
2022-08-28,Snickerdoodle,102,30,43
2022-08-29,Chocolate Chip,58,50,79
2022-08-29,Oatmeal Raisin,102,27,31
2022-08-29,Sugar,132,20,82
2022-08-29,Peanut Butter,126,25,60
2022-08-29,Snickerdoodle,64,19,6
2022-08-30,Chocolate Chip,81,29,45
2022-08-30,Oatmeal Raisin,121,37,90
2022-08-30,Sugar,54,22,-18
2022-08-30,Peanut Butter,67,11,13
2022-08-30,Snickerdoodle,85,45,65
2022-08-31,Chocolate Chip,55,41,67
2022-08-31,Oatmeal Raisin,57,15,33
2022-08-31,Sugar,88,14,63
2022-08-31,Peanut Butter,102,33,75
2022-08-31,Snickerdoodle,61,35,50
2022-09-01,Chocolate Chip,142,18,84
2022-09-01,Oatmeal Raisin,123,42,89
2022-09-01,Sugar,116,47,87
2022-09-01,Peanut Butter,117,26,66
2022-09-01,Snickerdoodle,61,25,1
2022-09-02,Chocolate Chip,148,30,155
2022-09-02,Oatmeal Raisin,124,34,68
2022-09-02,Sugar,145,25,74
2022-09-02,Peanut Butter,77,19,-7
2022-09-02,Snickerdoodle,77,27,35
2022-09-03,Chocolate Chip,82,47,38
2022-09-03,Oatmeal Raisin,139,17,65
2022-09-03,Sugar,104,40,53
2022-09-03,Peanut Butter,85,19,13
2022-09-03,Snickerdoodle,141,33,83
2022-09-04,Chocolate Chip,52,48,52
2022-09-04,Oatmeal Raisin,138,25,88
2022-09-04,Sugar,99,29,70
2022-09-04,Peanut Butter,139,33,134
2022-09-04,Snickerdoodle,137,17,103
2022-09-05,Chocolate Chip,80,38,35
2022-09-05,Oatmeal Raisin,100,26,43
2022-09-05,Sugar,146,25,88
2022-09-05,Peanut Butter,70,38,25
2022-09-05,Snickerdoodle,148,36,85
2022-09-06,Chocolate Chip,85,15,38
2022-09-06,Oatmeal Raisin,112,40,77
2022-09-06,Sugar,92,37,33
2022-09-06,Peanut Butter,62,20,20
2022-09-06,Snickerdoodle,114,14,66
2022-09-07,Chocolate Chip,127,45,130
2022-09-07,Oatmeal Raisin,108,11,59
2022-09-07,Sugar,132,21,71
2022-09-07,Peanut Butter,132,18,98
2022-09-07,Snickerdoodle,130,29,104
2022-09-08,Chocolate Chip,60,17,7
2022-09-08,Oatmeal Raisin,116,18,42
2022-09-08,Sugar,137,36,84
2022-09-08,Peanut Butter,90,38,-52
2022-09-08,Snickerdoodle,144,18,83
2022-09-09,Chocolate Chip,137,47,138
2022-09-09,Oatmeal Raisin,86,22,51
2022-09-09,Sugar,73,35,62
2022-09-09,Peanut Butter,123,24,75
2022-09-09,Snickerdoodle,121,49,124
2022-09-10,Chocolate Chip,61,39,50
2022-09-10,Oatmeal Raisin,139,20,119
2022-09-10,Sugar,126,26,84
2022-09-10,Peanut Butter,97,20,21
2022-09-10,Snickerdoodle,65,10,4
2022-09-11,Chocolate Chip,105,39,71
2022-09-11,Oatmeal Raisin,113,17,57
2022-09-11,Sugar,76,22,10
2022-09-11,Peanut Butter,150,27,104
2022-09-11,Snickerdoodle,113,34,74
2022-09-12,Chocolate Chip,76,48,59
2022-09-12,Oatmeal Raisin,86,22,-88
2022-09-12,Sugar,102,19,50
2022-09-12,Peanut Butter,80,49,64
2022-09-12,Snickerdoodle,81,33,39
2022-09-13,Chocolate Chip,132,39,139
2022-09-13,Oatmeal Raisin,67,30,12
2022-09-13,Sugar,100,23,32
2022-09-13,Peanut Butter,140,37,84
2022-09-13,Snickerdoodle,82,14,29
2022-09-14,Chocolate Chip,56,31,-8
2022-09-14,Oatmeal Raisin,110,32,47
2022-09-14,Sugar,135,48,88
2022-09-14,Peanut Butter,55,10,-30
2022-09-14,Snickerdoodle,129,34,68
2022-09-15,Chocolate Chip,100,33,95
2022-09-15,Oatmeal Raisin,121,12,70
2022-09-15,Sugar,83,20,57
2022-09-15,Peanut Butter,93,39,68
2022-09-15,Snickerdoodle,90,43,57
2022-09-16,Chocolate Chip,83,17,23
2022-09-16,Oatmeal Raisin,66,41,-9
2022-09-16,Sugar,85,33,41
2022-09-16,Peanut Butter,86,26,35
2022-09-16,Snickerdoodle,147,26,96
2022-09-17,Chocolate Chip,105,20,74
2022-09-17,Oatmeal Raisin,112,19,41
2022-09-17,Sugar,134,50,93
2022-09-17,Peanut Butter,56,22,-1
2022-09-17,Snickerdoodle,79,21,29
2022-09-18,Chocolate Chip,70,39,66
2022-09-18,Oatmeal Raisin,113,12,50
2022-09-18,Sugar,140,45,87
2022-09-18,Peanut Butter,113,17,53
2022-09-18,Snickerdoodle,68,17,42
2022-09-19,Chocolate Chip,76,28,58
2022-09-19,Oatmeal Raisin,71,42,67
2022-09-19,Sugar,122,47,81
2022-09-19,Peanut Butter,50,43,32
2022-09-19,Snickerdoodle,73,36,63
2022-09-20,Chocolate Chip,81,41,40
2022-09-20,Oatmeal Raisin,92,11,21
2022-09-20,Sugar,137,17,56
2022-09-20,Peanut Butter,125,16,59
2022-09-20,Snickerdoodle,69,11,2
2022-09-21,Chocolate Chip,108,50,100
2022-09-21,Oatmeal Raisin,126,10,41
2022-09-21,Sugar,55,49,46
2022-09-21,Peanut Butter,91,46,79
2022-09-21,Snickerdoodle,56,28,26
2022-09-22,Chocolate Chip,57,14,33
2022-09-22,Oatmeal Raisin,127,34,88
2022-09-22,Sugar,72,25,4
2022-09-22,Peanut Butter,101,15,68
2022-09-22,Snickerdoodle,70,34,16
2022-09-23,Chocolate Chip,86,19,63
2022-09-23,Oatmeal Raisin,112,37,67
2022-09-23,Sugar,89,48,94
2022-09-23,Peanut Butter,135,16,74
2022-09-23,Snickerdoodle,115,22,72
2022-09-24,Chocolate Chip,99,40,57
2022-09-24,Oatmeal Raisin,126,37,91
2022-09-24,Sugar,97,49,62
2022-09-24,Peanut Butter,130,37,95
2022-09-24,Snickerdoodle,109,24,51
2022-09-25,Chocolate Chip,141,19,84
2022-09-25,Oatmeal Raisin,117,50,91
2022-09-25,Sugar,60,28,12
2022-09-25,Peanut Butter,60,40,24
2022-09-25,Snickerdoodle,66,29,19
2022-09-26,Chocolate Chip,116,37,75
2022-09-26,Oatmeal Raisin,56,45,13
2022-09-26,Sugar,115,16,53
2022-09-26,Peanut Butter,102,16,40
2022-09-26,Snickerdoodle,142,46,110
2022-09-27,Chocolate Chip,95,26,96
2022-09-27,Oatmeal Raisin,148,42,114
2022-09-27,Sugar,72,21,19
2022-09-27,Peanut Butter,55,15,19
2022-09-27,Snickerdoodle,140,29,144
2022-09-28,Chocolate Chip,142,39,117
2022-09-28,Oatmeal Raisin,107,49,92
2022-09-28,Sugar,93,21,50
2022-09-28,Peanut Butter,60,48,44
2022-09-28,Snickerdoodle,136,16,57
2022-09-29,Chocolate Chip,52,10,-36
2022-09-29,Oatmeal Raisin,51,20,-27
2022-09-29,Sugar,108,35,45
2022-09-29,Peanut Butter,145,48,95
2022-09-29,Snickerdoodle,88,49,39
2022-09-30,Chocolate Chip,128,33,73
2022-09-30,Oatmeal Raisin,138,35,85
2022-09-30,Sugar,61,18,-9
2022-09-30,Peanut Butter,74,17,3
2022-09-30,Snickerdoodle,139,22,73
2022-10-01,Chocolate Chip,76,40,44
2022-10-01,Oatmeal Raisin,133,25,86
2022-10-01,Sugar,130,44,102
2022-10-01,Peanut Butter,88,39,55
2022-10-01,Snickerdoodle,104,11,43
2022-10-02,Chocolate Chip,69,38,37
2022-10-02,Oatmeal Raisin,110,11,28
2022-10-02,Sugar,124,25,49
2022-10-02,Peanut Butter,122,35,77
2022-10-02,Snickerdoodle,63,50,43
2022-10-03,Chocolate Chip,105,36,86
2022-10-03,Oatmeal Raisin,144,47,124
2022-10-03,Sugar,120,28,66
2022-10-03,Peanut Butter,112,42,99
2022-10-03,Snickerdoodle,128,41,114
2022-10-04,Chocolate Chip,57,43,22
2022-10-04,Oatmeal Raisin,120,14,56
2022-10-04,Sugar,132,36,80
2022-10-04,Peanut Butter,64,41,27
2022-10-04,Snickerdoodle,132,32,81
2022-10-05,Chocolate Chip,105,11,60
2022-10-05,Oatmeal Raisin,142,22,71
2022-10-05,Sugar,106,24,48
2022-10-05,Peanut Butter,125,31,100
2022-10-05,Snickerdoodle,141,39,124
2022-10-06,Chocolate Chip,87,34,45
2022-10-06,Oatmeal Raisin,136,33,93
2022-10-06,Sugar,70,49,43
2022-10-06,Peanut Butter,138,15,77
2022-10-06,Snickerdoodle,66,21,11
2022-10-07,Chocolate Chip,127,41,102
2022-10-07,Oatmeal Raisin,103,41,77
2022-10-07,Sugar,76,45,45
2022-10-07,Peanut Butter,95,26,21
2022-10-07,Snickerdoodle,70,21,25
2022-10-08,Chocolate Chip,114,12,95
2022-10-08,Oatmeal Raisin,93,37,99
2022-10-08,Sugar,79,17,65
2022-10-08,Peanut Butter,112,26,90
2022-10-08,Snickerdoodle,150,32,30
2022-10-09,Chocolate Chip,148,45,130
2022-10-09,Oatmeal Raisin,69,42,37
2022-10-09,Sugar,63,13,-5
2022-10-09,Peanut Butter,106,39,76
2022-10-09,Snickerdoodle,146,17,100
2022-10-10,Chocolate Chip,150,49,132
2022-10-10,Oatmeal Raisin,63,45,31
2022-10-10,Sugar,71,50,54
2022-10-10,Peanut Butter,76,33,42
2022-10-10,Snickerdoodle,87,38,-59
2022-10-11,Chocolate Chip,113,16,88
2022-10-11,Oatmeal Raisin,96,31,80
2022-10-11,Sugar,65,22,46
2022-10-11,Peanut Butter,103,10,15
2022-10-11,Snickerdoodle,110,31,94
2022-10-12,Chocolate Chip,71,15,54
2022-10-12,Oatmeal Raisin,141,36,142
2022-10-12,Sugar,135,25,91
2022-10-12,Peanut Butter,146,43,115
2022-10-12,Snickerdoodle,79,18,60
2022-10-13,Chocolate Chip,102,36,108
2022-10-13,Oatmeal Raisin,116,33,53
2022-10-13,Sugar,106,19,28
2022-10-13,Peanut Butter,141,43,154
2022-10-13,Snickerdoodle,60,31,33
2022-10-14,Chocolate Chip,148,20,71
2022-10-14,Oatmeal Raisin,100,12,15
2022-10-14,Sugar,132,19,54
2022-10-14,Peanut Butter,57,50,10
2022-10-14,Snickerdoodle,134,43,80
2022-10-15,Chocolate Chip,103,35,42
2022-10-15,Oatmeal Raisin,139,45,88
2022-10-15,Sugar,142,30,76
2022-10-15,Peanut Butter,51,27,-18
2022-10-15,Snickerdoodle,128,19,51
2022-10-16,Chocolate Chip,107,23,50
2022-10-16,Oatmeal Raisin,129,49,98
2022-10-16,Sugar,139,32,91
2022-10-16,Peanut Butter,150,35,105
2022-10-16,Snickerdoodle,88,15,33
2022-10-17,Chocolate Chip,99,18,17
2022-10-17,Oatmeal Raisin,119,28,47
2022-10-17,Sugar,115,45,60
2022-10-17,Peanut Butter,93,50,43
2022-10-17,Snickerdoodle,53,44,-3
2022-10-18,Chocolate Chip,80,29,50
2022-10-18,Oatmeal Raisin,114,17,72
2022-10-18,Sugar,97,26,64
2022-10-18,Peanut Butter,95,17,42
2022-10-18,Snickerdoodle,107,29,77
2022-10-19,Chocolate Chip,50,39,14
2022-10-19,Oatmeal Raisin,80,47,52
2022-10-19,Sugar,130,44,99
2022-10-19,Peanut Butter,79,32,36
2022-10-19,Snickerdoodle,135,46,84
2022-10-20,Chocolate Chip,141,34,133
2022-10-20,Oatmeal Raisin,81,16,55
2022-10-20,Sugar,124,22,104
2022-10-20,Peanut Butter,96,39,71
2022-10-20,Snickerdoodle,102,15,64
2022-10-21,Chocolate Chip,66,40,70
2022-10-21,Oatmeal Raisin,59,33,38
2022-10-21,Sugar,101,47,112
2022-10-21,Peanut Butter,149,35,148
2022-10-21,Snickerdoodle,124,41,91
2022-10-22,Chocolate Chip,106,41,119
2022-10-22,Oatmeal Raisin,103,20,30
2022-10-22,Sugar,66,41,24
2022-10-22,Peanut Butter,66,42,42
2022-10-22,Snickerdoodle,65,23,-4
2022-10-23,Chocolate Chip,54,20,34
2022-10-23,Oatmeal Raisin,97,17,74
2022-10-23,Sugar,102,17,79
2022-10-23,Peanut Butter,123,28,101
2022-10-23,Snickerdoodle,65,33,22
2022-10-24,Chocolate Chip,97,29,57
2022-10-24,Oatmeal Raisin,53,19,3
2022-10-24,Sugar,125,36,102
2022-10-24,Peanut Butter,86,23,36
2022-10-24,Snickerdoodle,144,41,126
2022-10-25,Chocolate Chip,58,12,10
2022-10-25,Oatmeal Raisin,123,29,92
2022-10-25,Sugar,93,34,67
2022-10-25,Peanut Butter,142,48,130
2022-10-25,Snickerdoodle,67,42,23
2022-10-26,Chocolate Chip,147,38,114
2022-10-26,Oatmeal Raisin,69,30,20
2022-10-26,Sugar,99,24,52
2022-10-26,Peanut Butter,93,44,47
2022-10-26,Snickerdoodle,144,27,100
2022-10-27,Chocolate Chip,71,11,-10
2022-10-27,Oatmeal Raisin,148,29,78
2022-10-27,Sugar,65,45,8
2022-10-27,Peanut Butter,122,43,73
2022-10-27,Snickerdoodle,110,42,60
2022-10-28,Chocolate Chip,65,44,20
2022-10-28,Oatmeal Raisin,52,27,-10
2022-10-28,Sugar,81,47,-16
2022-10-28,Peanut Butter,118,48,77
2022-10-28,Snickerdoodle,125,12,48
2022-10-29,Chocolate Chip,52,31,63
2022-10-29,Oatmeal Raisin,103,11,46
2022-10-29,Sugar,90,34,65
2022-10-29,Peanut Butter,64,16,-7
2022-10-29,Snickerdoodle,86,19,32
2022-10-30,Chocolate Chip,148,15,136
2022-10-30,Oatmeal Raisin,102,20,84
2022-10-30,Sugar,73,11,57
2022-10-30,Peanut Butter,88,34,36
2022-10-30,Snickerdoodle,102,30,65
2022-10-31,Chocolate Chip,65,13,48
2022-10-31,Oatmeal Raisin,146,48,110
2022-10-31,Sugar,113,42,85
2022-10-31,Peanut Butter,99,17,24
2022-10-31,Snickerdoodle,90,39,93
2022-11-01,Chocolate Chip,58,40,35
2022-11-01,Oatmeal Raisin,52,27,9
2022-11-01,Sugar,125,16,80
2022-11-01,Peanut Butter,121,18,85
2022-11-01,Snickerdoodle,102,38,77
2022-11-02,Chocolate Chip,150,19,75
2022-11-02,Oatmeal Raisin,71,25,2
2022-11-02,Sugar,104,45,55
2022-11-02,Peanut Butter,50,39,-5
2022-11-02,Snickerdoodle,129,28,63
2022-11-03,Chocolate Chip,71,10,2
2022-11-03,Oatmeal Raisin,84,48,53
2022-11-03,Sugar,137,34,92
2022-11-03,Peanut Butter,130,23,8
2022-11-03,Snickerdoodle,115,28,54
2022-11-04,Chocolate Chip,88,15,52
2022-11-04,Oatmeal Raisin,65,18,13
2022-11-04,Sugar,85,37,64
2022-11-04,Peanut Butter,114,30,81
2022-11-04,Snickerdoodle,93,50,66
2022-11-05,Chocolate Chip,146,38,94
2022-11-05,Oatmeal Raisin,134,30,74
2022-11-05,Sugar,108,48,66
2022-11-05,Peanut Butter,138,18,66
2022-11-05,Snickerdoodle,50,48,8
2022-11-06,Chocolate Chip,51,21,1
2022-11-06,Oatmeal Raisin,139,41,80
2022-11-06,Sugar,118,15,62
2022-11-06,Peanut Butter,133,14,76
2022-11-06,Snickerdoodle,135,38,102
2022-11-07,Chocolate Chip,95,34,84
2022-11-07,Oatmeal Raisin,95,34,53
2022-11-07,Sugar,148,10,113
2022-11-07,Peanut Butter,97,22,57
2022-11-07,Snickerdoodle,78,11,10
2022-11-08,Chocolate Chip,137,32,76
2022-11-08,Oatmeal Raisin,128,50,85
2022-11-08,Sugar,141,24,72
2022-11-08,Peanut Butter,113,33,63
2022-11-08,Snickerdoodle,140,48,95
2022-11-09,Chocolate Chip,75,50,48
2022-11-09,Oatmeal Raisin,85,46,54
2022-11-09,Sugar,71,45,18
2022-11-09,Peanut Butter,144,46,113
2022-11-09,Snickerdoodle,127,46,83
2022-11-10,Chocolate Chip,125,18,112
2022-11-10,Oatmeal Raisin,66,26,55
2022-11-10,Sugar,79,43,35
2022-11-10,Peanut Butter,85,22,18
2022-11-10,Snickerdoodle,52,44,28
2022-11-11,Chocolate Chip,137,45,117
2022-11-11,Oatmeal Raisin,50,37,5
2022-11-11,Sugar,133,13,54
2022-11-11,Peanut Butter,91,37,59
2022-11-11,Snickerdoodle,102,27,64
2022-11-12,Chocolate Chip,116,39,83
2022-11-12,Oatmeal Raisin,116,12,56
2022-11-12,Sugar,78,13,11
2022-11-12,Peanut Butter,103,44,53
2022-11-12,Snickerdoodle,50,35,13
2022-11-13,Chocolate Chip,60,46,56
2022-11-13,Oatmeal Raisin,144,24,118
2022-11-13,Sugar,104,14,68
2022-11-13,Peanut Butter,75,20,26
2022-11-13,Snickerdoodle,58,50,58
2022-11-14,Chocolate Chip,53,40,-2
2022-11-14,Oatmeal Raisin,53,47,5
2022-11-14,Sugar,92,26,23
2022-11-14,Peanut Butter,110,25,40
2022-11-14,Snickerdoodle,56,31,-8
2022-11-15,Chocolate Chip,80,14,50
2022-11-15,Oatmeal Raisin,129,38,84
2022-11-15,Sugar,130,38,124
2022-11-15,Peanut Butter,60,13,29
2022-11-15,Snickerdoodle,98,30,31
2022-11-16,Chocolate Chip,138,14,65
2022-11-16,Oatmeal Raisin,57,38,18
2022-11-16,Sugar,58,16,-13
2022-11-16,Peanut Butter,121,13,47
2022-11-16,Snickerdoodle,98,35,56
2022-11-17,Chocolate Chip,79,48,89
2022-11-17,Oatmeal Raisin,129,10,101
2022-11-17,Sugar,109,37,59
2022-11-17,Peanut Butter,129,16,107
2022-11-17,Snickerdoodle,136,11,77
2022-11-18,Chocolate Chip,92,47,76
2022-11-18,Oatmeal Raisin,63,10,10
2022-11-18,Sugar,58,47,30
2022-11-18,Peanut Butter,74,46,38
2022-11-18,Snickerdoodle,115,26,78
2022-11-19,Chocolate Chip,111,49,69
2022-11-19,Oatmeal Raisin,81,18,1
2022-11-19,Sugar,57,18,-16
2022-11-19,Peanut Butter,105,42,56
2022-11-19,Snickerdoodle,146,32,87
2022-11-20,Chocolate Chip,119,19,118
2022-11-20,Oatmeal Raisin,89,48,44
2022-11-20,Sugar,97,10,-77
2022-11-20,Peanut Butter,134,19,93
2022-11-20,Snickerdoodle,104,32,38
2022-11-21,Chocolate Chip,75,50,33
2022-11-21,Oatmeal Raisin,150,14,72
2022-11-21,Sugar,135,40,83
2022-11-21,Peanut Butter,109,48,65
2022-11-21,Snickerdoodle,124,46,78
2022-11-22,Chocolate Chip,128,29,95
2022-11-22,Oatmeal Raisin,70,16,24
2022-11-22,Sugar,55,41,34
2022-11-22,Peanut Butter,50,50,38
2022-11-22,Snickerdoodle,79,39,56
2022-11-23,Chocolate Chip,80,40,47
2022-11-23,Oatmeal Raisin,92,34,53
2022-11-23,Sugar,73,10,10
2022-11-23,Peanut Butter,59,32,8
2022-11-23,Snickerdoodle,68,28,15
2022-11-24,Chocolate Chip,130,47,84
2022-11-24,Oatmeal Raisin,96,12,15
2022-11-24,Sugar,75,22,4
2022-11-24,Peanut Butter,78,26,11
2022-11-24,Snickerdoodle,93,45,45
2022-11-25,Chocolate Chip,75,11,53
2022-11-25,Oatmeal Raisin,83,16,56
2022-11-25,Sugar,98,17,75
2022-11-25,Peanut Butter,76,29,15
2022-11-25,Snickerdoodle,97,33,97
2022-11-26,Chocolate Chip,117,49,68
2022-11-26,Oatmeal Raisin,141,14,57
2022-11-26,Sugar,66,22,-10
2022-11-26,Peanut Butter,98,33,33
2022-11-26,Snickerdoodle,104,50,56
2022-11-27,Chocolate Chip,55,49,60
2022-11-27,Oatmeal Raisin,118,28,56
2022-11-27,Sugar,91,25,27
2022-11-27,Peanut Butter,66,42,52
2022-11-27,Snickerdoodle,112,23,71
2022-11-28,Chocolate Chip,150,40,100
2022-11-28,Oatmeal Raisin,128,14,52
2022-11-28,Sugar,99,42,51
2022-11-28,Peanut Butter,116,39,65
2022-11-28,Snickerdoodle,141,33,74
2022-11-29,Chocolate Chip,111,41,107
2022-11-29,Oatmeal Raisin,124,35,113
2022-11-29,Sugar,124,12,79
2022-11-29,Peanut Butter,75,38,33
2022-11-29,Snickerdoodle,100,23,64
2022-11-30,Chocolate Chip,98,46,64
2022-11-30,Oatmeal Raisin,97,26,43
2022-11-30,Sugar,67,15,-7
2022-11-30,Peanut Butter,116,32,68
2022-11-30,Snickerdoodle,55,39,14
2022-12-01,Chocolate Chip,93,37,105
2022-12-01,Oatmeal Raisin,105,36,62
2022-12-01,Sugar,113,30,89
2022-12-01,Peanut Butter,53,21,35
2022-12-01,Snickerdoodle,83,14,65
2022-12-02,Chocolate Chip,60,28,24
2022-12-02,Oatmeal Raisin,115,44,87
2022-12-02,Sugar,150,27,82
2022-12-02,Peanut Butter,62,17,5
2022-12-02,Snickerdoodle,119,22,55
2022-12-03,Chocolate Chip,136,31,79
2022-12-03,Oatmeal Raisin,145,27,84
2022-12-03,Sugar,127,18,57
2022-12-03,Peanut Butter,146,44,102
2022-12-03,Snickerdoodle,51,29,-8
2022-12-04,Chocolate Chip,94,35,43
2022-12-04,Oatmeal Raisin,124,10,35
2022-12-04,Sugar,115,19,48
2022-12-04,Peanut Butter,79,24,17
2022-12-04,Snickerdoodle,76,40,30
2022-12-05,Chocolate Chip,125,45,96
2022-12-05,Oatmeal Raisin,142,39,106
2022-12-05,Sugar,60,30,-10
2022-12-05,Peanut Butter,104,36,44
2022-12-05,Snickerdoodle,107,45,68
2022-12-06,Chocolate Chip,123,18,50
2022-12-06,Oatmeal Raisin,144,10,63
2022-12-06,Sugar,134,32,75
2022-12-06,Peanut Butter,103,37,49
2022-12-06,Snickerdoodle,101,44,46
2022-12-07,Chocolate Chip,125,11,63
2022-12-07,Oatmeal Raisin,54,18,-1
2022-12-07,Sugar,92,46,43
2022-12-07,Peanut Butter,127,48,102
2022-12-07,Snickerdoodle,100,34,42
2022-12-08,Chocolate Chip,100,14,58
2022-12-08,Oatmeal Raisin,74,40,50
2022-12-08,Sugar,122,38,104
2022-12-08,Peanut Butter,88,15,21
2022-12-08,Snickerdoodle,136,45,61
2022-12-09,Chocolate Chip,138,48,115
2022-12-09,Oatmeal Raisin,73,22,-2
2022-12-09,Sugar,86,23,3
2022-12-09,Peanut Butter,134,43,96
2022-12-09,Snickerdoodle,97,43,79
2022-12-10,Chocolate Chip,102,35,115
2022-12-10,Oatmeal Raisin,64,18,24
2022-12-10,Sugar,111,14,43
2022-12-10,Peanut Butter,76,18,62
2022-12-10,Snickerdoodle,89,37,77
2022-12-11,Chocolate Chip,135,40,99
2022-12-11,Oatmeal Raisin,123,29,76
2022-12-11,Sugar,114,39,77
2022-12-11,Peanut Butter,50,19,-7
2022-12-11,Snickerdoodle,101,48,73
2022-12-12,Chocolate Chip,117,31,76
2022-12-12,Oatmeal Raisin,112,39,65
2022-12-12,Sugar,55,15,-2
2022-12-12,Peanut Butter,108,32,68
2022-12-12,Snickerdoodle,141,29,86
2022-12-13,Chocolate Chip,72,36,21
2022-12-13,Oatmeal Raisin,129,37,79
2022-12-13,Sugar,134,21,68
2022-12-13,Peanut Butter,62,35,10
2022-12-13,Snickerdoodle,55,25,-7
2022-12-14,Chocolate Chip,70,27,42
2022-12-14,Oatmeal Raisin,118,28,67
2022-12-14,Sugar,58,23,26
2022-12-14,Peanut Butter,102,45,92
2022-12-14,Snickerdoodle,97,14,15
2022-12-15,Chocolate Chip,114,30,64
2022-12-15,Oatmeal Raisin,71,26,17
2022-12-15,Sugar,55,39,24
2022-12-15,Peanut Butter,98,31,49
2022-12-15,Snickerdoodle,74,35,-29
2022-12-16,Chocolate Chip,64,18,35
2022-12-16,Oatmeal Raisin,145,39,136
2022-12-16,Sugar,58,15,19
2022-12-16,Peanut Butter,81,38,-51
2022-12-16,Snickerdoodle,85,20,58
2022-12-17,Chocolate Chip,52,48,64
2022-12-17,Oatmeal Raisin,87,17,8
2022-12-17,Sugar,100,20,72
2022-12-17,Peanut Butter,136,27,104
2022-12-17,Snickerdoodle,95,21,61
2022-12-18,Chocolate Chip,54,44,30
2022-12-18,Oatmeal Raisin,139,13,74
2022-12-18,Sugar,116,16,53
2022-12-18,Peanut Butter,89,38,41
2022-12-18,Snickerdoodle,56,34,20
2022-12-19,Chocolate Chip,81,33,94
2022-12-19,Oatmeal Raisin,75,15,23
2022-12-19,Sugar,51,31,-14
2022-12-19,Peanut Butter,137,14,93
2022-12-19,Snickerdoodle,62,20,1
2022-12-20,Chocolate Chip,55,36,36
2022-12-20,Oatmeal Raisin,91,30,66
2022-12-20,Sugar,74,49,65
2022-12-20,Peanut Butter,119,35,68
2022-12-20,Snickerdoodle,65,24,34
2022-12-21,Chocolate Chip,95,30,29
2022-12-21,Oatmeal Raisin,101,30,25
2022-12-21,Sugar,108,24,46
2022-12-21,Peanut Butter,133,49,86
2022-12-21,Snickerdoodle,58,23,-15
2022-12-22,Chocolate Chip,148,48,172
2022-12-22,Oatmeal Raisin,63,44,14
2022-12-22,Sugar,122,20,79
2022-12-22,Peanut Butter,62,48,62
2022-12-22,Snickerdoodle,130,34,84
2022-12-23,Chocolate Chip,148,18,101
2022-12-23,Oatmeal Raisin,131,30,96
2022-12-23,Sugar,135,40,84
2022-12-23,Peanut Butter,127,47,109
2022-12-23,Snickerdoodle,115,50,100
2022-12-24,Chocolate Chip,114,47,70
2022-12-24,Oatmeal Raisin,51,24,-26
2022-12-24,Sugar,89,25,23
2022-12-24,Peanut Butter,146,25,80
2022-12-24,Snickerdoodle,57,18,-16
2022-12-25,Chocolate Chip,87,22,47
2022-12-25,Oatmeal Raisin,76,12,-6
2022-12-25,Sugar,142,48,128
2022-12-25,Peanut Butter,106,31,43
2022-12-25,Snickerdoodle,90,12,3
2022-12-26,Chocolate Chip,103,28,87
2022-12-26,Oatmeal Raisin,79,31,42
2022-12-26,Sugar,76,44,48
2022-12-26,Peanut Butter,137,24,117
2022-12-26,Snickerdoodle,98,43,96
2022-12-27,Chocolate Chip,106,50,64
2022-12-27,Oatmeal Raisin,58,22,-22
2022-12-27,Sugar,76,18,-8
2022-12-27,Peanut Butter,80,42,40
2022-12-27,Snickerdoodle,89,20,17
2022-12-28,Chocolate Chip,81,37,78
2022-12-28,Oatmeal Raisin,81,29,64
2022-12-28,Sugar,107,50,116
2022-12-28,Peanut Butter,150,40,150
2022-12-28,Snickerdoodle,100,34,94
2022-12-29,Chocolate Chip,106,37,68
2022-12-29,Oatmeal Raisin,144,37,106
2022-12-29,Sugar,111,11,41
2022-12-29,Peanut Butter,104,15,44
2022-12-29,Snickerdoodle,88,48,61
2022-12-30,Chocolate Chip,120,21,80
2022-12-30,Oatmeal Raisin,109,29,51
2022-12-30,Sugar,98,45,82
2022-12-30,Peanut Butter,59,31,29
2022-12-30,Snickerdoodle,110,22,68
2022-12-31,Chocolate Chip,74,10,51
2022-12-31,Oatmeal Raisin,112,35,52
2022-12-31,Sugar,100,33,100
2022-12-31,Peanut Butter,89,47,78
2022-12-31,Snickerdoodle,65,34,21
